Metric,Value
MAE,2032.179885640581
RMSE,2435.950818683446
